{
  "Use Non-ASCII Font" : false,
  "Tags" : [

  ],
  "Ansi 12 Color" : {
    "Green Component" : 0.73725490196078436,
    "Red Component" : 0.10588235294117647,
    "Blue Component" : 0.8666666666666667
  },
  "Ansi 0 Color" : {
    "Green Component" : 0.22096334400325698,
    "Red Component" : 0.092074669021711367,
    "Blue Component" : 0.29994019138755978
  },
  "Normal Font" : "MesloLGMForPowerline-Regular 12",
  "Bold Color" : {
    "Green Component" : 0.89531013231922107,
    "Red Component" : 1,
    "Blue Component" : 0.79812917160176711
  },
  "Ansi 1 Color" : {
    "Green Component" : 0.31620341225005077,
    "Red Component" : 0.81960784313725488,
    "Blue Component" : 0.13848899991392197
  },
  "Horizontal Spacing" : 1,
  "Custom Directory" : "No",
  "Rows" : 25,
  "Default Bookmark" : "No",
  "Cursor Guide Color" : {
    "Red Component" : 0.70213186740875244,
    "Color Space" : "sRGB",
    "Blue Component" : 1,
    "Alpha Component" : 0.25,
    "Green Component" : 0.9268307089805603
  },
  "Non-ASCII Anti Aliased" : true,
  "Use Bright Bold" : true,
  "Ansi 10 Color" : {
    "Green Component" : 0.55167383089536859,
    "Red Component" : 0.38259654903555906,
    "Blue Component" : 0.59763312339782715
  },
  "Ambiguous Double Width" : false,
  "Jobs to Ignore" : [
    "rlogin",
    "ssh",
    "slogin",
    "telnet"
  ],
  "Ansi 15 Color" : {
    "Green Component" : 0.89301812648773193,
    "Red Component" : 0.99757575988769531,
    "Blue Component" : 0.80732721090316772
  },
  "Foreground Color" : {
    "Green Component" : 0.72156862745098038,
    "Red Component" : 0.87058823529411766,
    "Blue Component" : 0.55294117647058827
  },
  "Bound Hosts" : [

  ],
  "Working Directory" : "\/Users\/longshengai",
  "Blinking Cursor" : false,
  "Disable Window Resizing" : true,
  "Sync Title" : false,
  "Prompt Before Closing 2" : false,
  "BM Growl" : true,
  "Command" : "",
  "Description" : "Default",
  "Mouse Reporting" : true,
  "Screen" : -1,
  "Selection Color" : {
    "Green Component" : 0.28443798357547873,
    "Red Component" : 0.11852433403854147,
    "Blue Component" : 0.38610197368421051
  },
  "Columns" : 80,
  "Idle Code" : 0,
  "Ansi 13 Color" : {
    "Green Component" : 0.89120521206534375,
    "Red Component" : 0.73474208704982036,
    "Blue Component" : 0.93523198366165161
  },
  "Custom Command" : "No",
  "ASCII Anti Aliased" : true,
  "Non Ascii Font" : "Monaco 12",
  "Vertical Spacing" : 1,
  "Use Bold Font" : true,
  "Option Key Sends" : 0,
  "Selected Text Color" : {
    "Green Component" : 0.89301812648773193,
    "Red Component" : 0.99757575988769531,
    "Blue Component" : 0.80732721090316772
  },
  "Background Color" : {
    "Green Component" : 0.07801758090259632,
    "Red Component" : 0.034136744328529471,
    "Blue Component" : 0.10503887559808611
  },
  "Character Encoding" : 4,
  "Ansi 11 Color" : {
    "Green Component" : 0.82563709863019064,
    "Red Component" : 0.99224758148193359,
    "Blue Component" : 0.62336811667883607
  },
  "Use Italic Font" : true,
  "Unlimited Scrollback" : false,
  "Keyboard Map" : {
    "0xf700-0x260000" : {
      "Text" : "[1;6A",
      "Action" : 10
    },
    "0x37-0x40000" : {
      "Text" : "0x1f",
      "Action" : 11
    },
    "0x32-0x40000" : {
      "Text" : "0x00",
      "Action" : 11
    },
    "0xf709-0x20000" : {
      "Text" : "[17;2~",
      "Action" : 10
    },
    "0xf70c-0x20000" : {
      "Text" : "[20;2~",
      "Action" : 10
    },
    "0xf729-0x20000" : {
      "Text" : "[1;2H",
      "Action" : 10
    },
    "0xf72b-0x40000" : {
      "Text" : "[1;5F",
      "Action" : 10
    },
    "0xf705-0x20000" : {
      "Text" : "[1;2Q",
      "Action" : 10
    },
    "0xf703-0x260000" : {
      "Text" : "[1;6C",
      "Action" : 10
    },
    "0xf700-0x220000" : {
      "Text" : "[1;2A",
      "Action" : 10
    },
    "0xf701-0x280000" : {
      "Text" : "0x1b 0x1b 0x5b 0x42",
      "Action" : 11
    },
    "0x38-0x40000" : {
      "Text" : "0x7f",
      "Action" : 11
    },
    "0x33-0x40000" : {
      "Text" : "0x1b",
      "Action" : 11
    },
    "0xf703-0x220000" : {
      "Text" : "[1;2C",
      "Action" : 10
    },
    "0xf701-0x240000" : {
      "Text" : "[1;5B",
      "Action" : 10
    },
    "0xf70d-0x20000" : {
      "Text" : "[21;2~",
      "Action" : 10
    },
    "0xf702-0x260000" : {
      "Text" : "[1;6D",
      "Action" : 10
    },
    "0xf729-0x40000" : {
      "Text" : "[1;5H",
      "Action" : 10
    },
    "0xf706-0x20000" : {
      "Text" : "[1;2R",
      "Action" : 10
    },
    "0x34-0x40000" : {
      "Text" : "0x1c",
      "Action" : 11
    },
    "0xf700-0x280000" : {
      "Text" : "0x1b 0x1b 0x5b 0x41",
      "Action" : 11
    },
    "0x2d-0x40000" : {
      "Text" : "0x1f",
      "Action" : 11
    },
    "0xf70e-0x20000" : {
      "Text" : "[23;2~",
      "Action" : 10
    },
    "0xf702-0x220000" : {
      "Text" : "[1;2D",
      "Action" : 10
    },
    "0xf703-0x280000" : {
      "Text" : "0x1b 0x1b 0x5b 0x43",
      "Action" : 11
    },
    "0xf700-0x240000" : {
      "Text" : "[1;5A",
      "Action" : 10
    },
    "0xf707-0x20000" : {
      "Text" : "[1;2S",
      "Action" : 10
    },
    "0xf70a-0x20000" : {
      "Text" : "[18;2~",
      "Action" : 10
    },
    "0x35-0x40000" : {
      "Text" : "0x1d",
      "Action" : 11
    },
    "0xf70f-0x20000" : {
      "Text" : "[24;2~",
      "Action" : 10
    },
    "0xf703-0x240000" : {
      "Text" : "[1;5C",
      "Action" : 10
    },
    "0xf701-0x260000" : {
      "Text" : "[1;6B",
      "Action" : 10
    },
    "0xf702-0x280000" : {
      "Text" : "0x1b 0x1b 0x5b 0x44",
      "Action" : 11
    },
    "0xf72b-0x20000" : {
      "Text" : "[1;2F",
      "Action" : 10
    },
    "0x36-0x40000" : {
      "Text" : "0x1e",
      "Action" : 11
    },
    "0xf708-0x20000" : {
      "Text" : "[15;2~",
      "Action" : 10
    },
    "0xf701-0x220000" : {
      "Text" : "[1;2B",
      "Action" : 10
    },
    "0xf70b-0x20000" : {
      "Text" : "[19;2~",
      "Action" : 10
    },
    "0xf702-0x240000" : {
      "Text" : "[1;5D",
      "Action" : 10
    },
    "0xf704-0x20000" : {
      "Text" : "[1;2P",
      "Action" : 10
    }
  },
  "Window Type" : 0,
  "Initial Text" : "cd ~\/GitRepo",
  "Background Image Location" : "",
  "Blur" : false,
  "Badge Color" : {
    "Red Component" : 1,
    "Color Space" : "sRGB",
    "Blue Component" : 0,
    "Alpha Component" : 0.5,
    "Green Component" : 0.1491314172744751
  },
  "Scrollback Lines" : 1000,
  "Send Code When Idle" : false,
  "Close Sessions On End" : true,
  "Terminal Type" : "xterm-256color",
  "Visual Bell" : true,
  "Flashing Bell" : false,
  "Silence Bell" : false,
  "Ansi 14 Color" : {
    "Green Component" : 0.67258877848867127,
    "Red Component" : 0.52878501585259796,
    "Blue Component" : 0.70456302165985107
  },
  "Name" : "Yahang",
  "Cursor Text Color" : {
    "Green Component" : 0.075849346816539764,
    "Red Component" : 0.031705662608146667,
    "Blue Component" : 0.10319089144468307
  },
  "Shortcut" : "",
  "Cursor Color" : {
    "Green Component" : 0.62745098039215685,
    "Red Component" : 0.9882352941176471,
    "Blue Component" : 0.18431372549019609
  },
  "Transparency" : 0,
  "Guid" : "3868A0B9-7B3F-43AC-BF70-37178B646287",
  "Ansi 2 Color" : {
    "Green Component" : 0.48627450980392156,
    "Red Component" : 0.0078431372549019607,
    "Blue Component" : 0.60784313725490191
  },
  "Link Color" : {
    "Red Component" : 0,
    "Color Space" : "sRGB",
    "Blue Component" : 0.73423302173614502,
    "Alpha Component" : 1,
    "Green Component" : 0.35916060209274292
  },
  "Ansi 3 Color" : {
    "Green Component" : 0.62745098039215685,
    "Red Component" : 0.9882352941176471,
    "Blue Component" : 0.18431372549019609
  },
  "Right Option Key Sends" : 0,
  "Ansi 6 Color" : {
    "Green Component" : 0.63921568627450975,
    "Red Component" : 0.31372549019607843,
    "Blue Component" : 0.70980392156862748
  },