{
  "Ansi 6 Color" : {
    "Red Component" : 0.37508565187454224,
    "Color Space" : "sRGB",
    "Blue Component" : 0.76139271259307861,
    "Alpha Component" : 1,
    "Green Component" : 0.69693183898925781
  },
  "Tags" : [

  ],
  "Ansi 12 Color" : {
    "Red Component" : 0.046985700726509094,
    "Color Space" : "sRGB",
    "Blue Component" : 0.89346510171890259,
    "Alpha Component" : 1,
    "Green Component" : 0.78167331218719482
  },
  "Ansi 7 Color" : {
    "Red Component" : 0.89857113361358643,
    "Color Space" : "sRGB",
    "Blue Component" : 0.62061721086502075,
    "Alpha Component" : 1,
    "Green Component" : 0.76939171552658081
  },
  "Ansi 8 Color" : {
    "Red Component" : 0.33088251948356628,
    "Color Space" : "sRGB",
    "Blue Component" : 0.39803320169448853,
    "Alpha Component" : 1,
    "Green Component" : 0.36768913269042969
  },
  "Bold Color" : {
    "Red Component" : 1,
    "Color Space" : "sRGB",
    "Blue Component" : 0.83541125059127808,
    "Alpha Component" : 1,
    "Green Component" : 0.91531294584274292
  },
  "Ansi 9 Color" : {
    "Red Component" : 0.86792439222335815,
    "Color Space" : "sRGB",
    "Blue Component" : 0.54196631908416748,
    "Alpha Component" : 1,
    "Green Component" : 0.60251611471176147
  },
  "Transparency" : 0,
  "Guid" : "859F31FB-751B-42B5-A50C-D0AAD2F9E93A",
  "Rows" : 25,
  "Default Bookmark" : "No",
  "Cursor Guide Color" : {
    "Red Component" : 0.70213186740875244,
    "Color Space" : "sRGB",
    "Blue Component" : 1,
    "Alpha Component" : 0.25,
    "Green Component" : 0.9268307089805603
  },
  "Non-ASCII Anti Aliased" : true,
  "Use Bright Bold" : true,
  "Ansi 10 Color" : {
    "Red Component" : 0.45323628187179565,
    "Color Space" : "sRGB",
    "Blue Component" : 0.66245073080062866,
    "Alpha Component" : 1,
    "Green Component" : 0.61912399530410767
  },
  "Ambiguous Double Width" : false,
  "Jobs to Ignore" : [
    "rlogin",
    "ssh",
    "slogin",
    "telnet"
  ],
  "Ansi 15 Color" : {
    "Red Component" : 1,
    "Color Space" : "sRGB",
    "Blue Component" : 0.84313732385635376,
    "Alpha Component" : 1,
    "Green Component" : 0.91372549533843994
  },
  "Foreground Color" : {
    "Red Component" : 0.89857113361358643,
    "Color Space" : "sRGB",
    "Blue Component" : 0.62061721086502075,
    "Alpha Component" : 1,
    "Green Component" : 0.76939171552658081
  },
  "Bound Hosts" : [

  ],
  "Working Directory" : "\/Users\/yahang",
  "Blinking Cursor" : false,
  "Disable Window Resizing" : true,
  "Sync Title" : false,
  "Prompt Before Closing 2" : false,
  "BM Growl" : true,
  "Command" : "",
  "Description" : "Default",
  "Mouse Reporting" : true,
  "Screen" : -1,
  "Selection Color" : {
    "Red Component" : 0.14968842267990112,
    "Color Space" : "sRGB",
    "Blue Component" : 0.46221637725830078,
    "Alpha Component" : 1,
    "Green Component" : 0.35736742615699768
  },
  "Columns" : 80,
  "Idle Code" : 0,
  "Ansi 13 Color" : {
    "Red Component" : 0.7786296010017395,
    "Color Space" : "sRGB",
    "Blue Component" : 0.94864183664321899,
    "Alpha Component" : 1,
    "Green Component" : 0.91160023212432861
  },
  "Custom Command" : "No",
  "ASCII Anti Aliased" : true,
  "Non Ascii Font" : "Monaco 12",
  "Vertical Spacing" : 1,
  "Use Bold Font" : true,
  "Option Key Sends" : 0,
  "Selected Text Color" : {
    "Red Component" : 1,
    "Color Space" : "sRGB",
    "Blue Component" : 0.84313732385635376,
    "Alpha Component" : 1,
    "Green Component" : 0.91372549533843994
  },
  "Background Color" : {
    "Red Component" : 0.027143325656652451,
    "Color Space" : "sRGB",
    "Blue Component" : 0.13982829451560974,
    "Alpha Component" : 1,
    "Green Component" : 0.10126287490129471
  },
  "Character Encoding" : 4,
  "Ansi 11 Color" : {
    "Red Component" : 0.99679809808731079,
    "Color Space" : "sRGB",
    "Blue Component" : 0.68413561582565308,
    "Alpha Component" : 1,
    "Green Component" : 0.85677081346511841
  },
  "Use Italic Font" : true,
  "Unlimited Scrollback" : false,
  "Keyboard Map" : {
    "0xf700-0x260000" : {
      "Action" : 10,
      "Text" : "[1;6A"
    },
    "0x37-0x40000" : {
      "Action" : 11,
      "Text" : "0x1f"
    },
    "0x32-0x40000" : {
      "Action" : 11,
      "Text" : "0x00"
    },
    "0xf709-0x20000" : {
      "Action" : 10,
      "Text" : "[17;2~"
    },
    "0xf70c-0x20000" : {
      "Action" : 10,
      "Text" : "[20;2~"
    },
    "0xf729-0x20000" : {
      "Action" : 10,
      "Text" : "[1;2H"
    },
    "0xf72b-0x40000" : {
      "Action" : 10,
      "Text" : "[1;5F"
    },
    "0xf705-0x20000" : {
      "Action" : 10,
      "Text" : "[1;2Q"
    },
    "0xf703-0x260000" : {
      "Action" : 10,
      "Text" : "[1;6C"
    },
    "0xf700-0x220000" : {
      "Action" : 10,
      "Text" : "[1;2A"
    },
    "0xf701-0x280000" : {
      "Action" : 11,
      "Text" : "0x1b 0x1b 0x5b 0x42"
    },
    "0x38-0x40000" : {
      "Action" : 11,
      "Text" : "0x7f"
    },
    "0x33-0x40000" : {
      "Action" : 11,
      "Text" : "0x1b"
    },
    "0xf703-0x220000" : {
      "Action" : 10,
      "Text" : "[1;2C"
    },
    "0xf701-0x240000" : {
      "Action" : 10,
      "Text" : "[1;5B"
    },
    "0xf70d-0x20000" : {
      "Action" : 10,
      "Text" : "[21;2~"
    },
    "0xf702-0x260000" : {
      "Action" : 10,
      "Text" : "[1;6D"
    },
    "0xf729-0x40000" : {
      "Action" : 10,
      "Text" : "[1;5H"
    },
    "0xf706-0x20000" : {
      "Action" : 10,
      "Text" : "[1;2R"
    },
    "0x34-0x40000" : {
      "Action" : 11,
      "Text" : "0x1c"
    },
    "0xf700-0x280000" : {
      "Action" : 11,
      "Text" : "0x1b 0x1b 0x5b 0x41"
    },
    "0x2d-0x40000" : {
      "Action" : 11,
      "Text" : "0x1f"
    },
    "0xf70e-0x20000" : {
      "Action" : 10,
      "Text" : "[23;2~"
    },
    "0xf702-0x220000" : {
      "Action" : 10,
      "Text" : "[1;2D"
    },
    "0xf703-0x280000" : {
      "Action" : 11,
      "Text" : "0x1b 0x1b 0x5b 0x43"
    },
    "0xf700-0x240000" : {
      "Action" : 10,
      "Text" : "[1;5A"
    },
    "0xf707-0x20000" : {
      "Action" : 10,
      "Text" : "[1;2S"
    },
    "0xf70a-0x20000" : {
      "Action" : 10,
      "Text" : "[18;2~"
    },
    "0x35-0x40000" : {
      "Action" : 11,
      "Text" : "0x1d"
    },
    "0xf70f-0x20000" : {
      "Action" : 10,
      "Text" : "[24;2~"
    },
    "0xf703-0x240000" : {
      "Action" : 10,
      "Text" : "[1;5C"
    },
    "0xf701-0x260000" : {
      "Action" : 10,
      "Text" : "[1;6B"
    },
    "0xf702-0x280000" : {
      "Action" : 11,
      "Text" : "0x1b 0x1b 0x5b 0x44"
    },
    "0xf72b-0x20000" : {
      "Action" : 10,
      "Text" : "[1;2F"
    },
    "0x36-0x40000" : {
      "Action" : 11,
      "Text" : "0x1e"
    },
    "0xf708-0x20000" : {
      "Action" : 10,
      "Text" : "[15;2~"
    },
    "0xf701-0x220000" : {
      "Action" : 10,
      "Text" : "[1;2B"
    },
    "0xf70b-0x20000" : {
      "Action" : 10,
      "Text" : "[19;2~"
    },
    "0xf702-0x240000" : {
      "Action" : 10,
      "Text" : "[1;5D"
    },
    "0xf704-0x20000" : {
      "Action" : 10,
      "Text" : "[1;2P"
    }
  },
  "Window Type" : 0,
  "Background Image Location" : "",
  "Blur" : false,
  "Badge Color" : {
    "Red Component" : 1,
    "Color Space" : "sRGB",
    "Blue Component" : 0,
    "Alpha Component" : 0.5,
    "Green Component" : 0.1491314172744751
  },
  "Scrollback Lines" : 1000,
  "Send Code When Idle" : false,
  "Close Sessions On End" : true,
  "Terminal Type" : "xterm-256color",
  "Visual Bell" : true,
  "Flashing Bell" : false,
  "Silence Bell" : false,
  "Ansi 14 Color" : {
    "Red Component" : 0.59550130367279053,
    "Color Space" : "sRGB",
    "Blue Component" : 0.75660485029220581,
    "Alpha Component" : 1,
    "Green Component" : 0.7272602915763855
  },
  "Name" : "Yahang",
  "Cursor Text Color" : {
    "Red Component" : 0.023529412224888802,
    "Color Space" : "sRGB",